{"cameraMode":{"drawMode":0,"name":"Shaded","section":"Shading Mode"},"sceneLighting":true,"audioPlay":false,"sceneViewState":{"m_AlwaysRefresh":false,"showFog":true,"showSkybox":true,"showFlares":true,"showImageEffects":true,"showParticleSystems":true,"showVisualEffectGraphs":true,"m_FxEnabled":true},"in2DMode":false,"pivot":{"x":-8.311915397644043,"y":4.1224589347839359,"z":1.028777837753296},"rotation":{"x":0.02701415866613388,"y":-0.7081306576728821,"z":0.026456769555807115,"w":0.7054358720779419},"size":17.721960067749025,"orthographic":false}