{"cameraMode":{"drawMode":0,"name":"Shaded","section":"Shading Mode"},"sceneLighting":true,"audioPlay":false,"sceneViewState":{"m_AlwaysRefresh":false,"showFog":true,"showSkybox":true,"showFlares":true,"showImageEffects":true,"showParticleSystems":true,"showVisualEffectGraphs":true,"m_FxEnabled":true},"in2DMode":false,"pivot":{"x":-4.835830211639404,"y":-0.21235474944114686,"z":3.0605907440185549},"rotation":{"x":-0.050272852182388309,"y":0.6041146516799927,"z":-0.03844061493873596,"w":-0.7947651147842407},"size":11.518991470336914,"orthographic":false}